Joshua Lin,47,Georgia
Parker Montgomery,53,Georgia
Ronald Bradley,23,Georgia
Jasmine Robertson,55,Georgia
Samantha Carson,54,Georgia
Stephen Barnes,48,Georgia
Brandon Robinson,36,Georgia
Frank Stone,53,Georgia
Patricia Powers,35,Georgia
Rebecca Hancock,36,Georgia
Christopher Sutton,35,Georgia
Kristine Ramirez,18,Georgia
Amy Mason,43,Georgia
Eric Faulkner,26,Georgia
Mark Tucker,19,Georgia
William Smith,23,Georgia
Sue Williams,33,Georgia
Amanda Jarvis,52,Georgia
Kyle Carter,40,Georgia
David Wade,29,Iowa
Robin Hart,51,Iowa
Ellen Stewart,28,Iowa
Michelle Chandler,34,Iowa
Sandra Davis,27,Iowa
Travis Chambers,22,Iowa
Blake Glover,22,Iowa
Tina Marshall,41,Iowa
Natasha Navarro,52,Iowa
Katherine Li,23,Iowa
Patricia Galloway,51,Iowa
Ashley Jones,33,Iowa
Timothy Simpson,44,Iowa
Kristen Blackburn,51,Iowa
Jared Richard,31,Iowa
Felicia Rojas,33,Iowa
Krystal Franco MD,35,Iowa
Elijah Harrison,52,Iowa
John Perry,27,Iowa
Matthew Carrillo,30,Iowa
Carlos Contreras,38,Kansas
Matthew Williams,48,Kansas
Joseph Conley,28,Kansas
Carrie Glover,18,Kansas
Ryan Vargas,44,Kansas
Nancy Torres,27,Kansas
Amy Thompson,37,Kansas
Brandy Kelley,26,Kansas
Gina Green,24,Kansas
Julia Jones,32,Kansas
Dominic Chavez,44,Kansas
Sabrina Mcintyre,48,Kansas
Yolanda Dawson,23,Kansas
Wanda Stephenson,34,Kansas
Doris Powell,48,Kansas
Mr. Kyle Gates,46,Kansas
Samuel Vaughan,29,Kansas
Amy Morales,33,Kansas
Donna Riley,38,Kansas
Kaitlyn Mccarthy,50,Kansas
Keith Harrison,28,Kansas
Adam Myers,55,Kansas
Dr. Aimee Castaneda,51,Kansas
Kevin Castaneda,40,Kansas
Laura Hodge,35,Louisiana
Scott Meyers,21,Louisiana
Patricia Hughes,32,Louisiana
Vanessa Berger,37,Louisiana
Evan Harris,38,Louisiana
Dwayne Murphy,35,Louisiana
Brendan Smith,19,Louisiana
Sabrina Glenn,31,Louisiana
Chelsea Lowery,46,Louisiana
Kellie White,19,Louisiana
Angel Patel,34,Louisiana
Mercedes Patterson,50,Louisiana
Sean Villanueva,25,Louisiana
Sarah Gordon,44,Louisiana
Theresa Madden,53,Louisiana
Dana Walker,24,Louisiana
Veronica Bennett,45,Louisiana
Bethany Downs,40,Louisiana
Thomas Wilkins,22,Louisiana
Bryan Kim,39,Louisiana
Carla Taylor MD,24,Louisiana
William Mcmillan,34,Louisiana
Sheila Rowe,25,Louisiana
Rita Brown,23,Louisiana
Stephanie Sims,54,Louisiana
Kathryn Mckee,36,Louisiana
Jason Myers,21,Louisiana
Brian Kennedy,43,Louisiana
Eric Sherman,20,Louisiana
Breanna Herrera,18,Louisiana
Richard Stout,53,Louisiana
Sierra Guzman,48,Louisiana
Kimberly Mann,24,Louisiana
Brenda Reese,41,Louisiana
Julie Mendoza,42,Louisiana
Seth Buchanan,43,Louisiana
Samantha Smith,46,Louisiana
Colleen Reese,26,Massachusetts
Cameron Young,50,Massachusetts
Andrea Hanson,27,Massachusetts
Jonathan Thompson,37,Massachusetts
Maria Clark,41,Massachusetts
Jesse Richardson,52,Massachusetts
Justin Wood,27,Massachusetts
David Dickerson,54,Massachusetts
Cheryl Martinez,37,Massachusetts
Samantha Jacobs,20,Massachusetts
John Welch,48,Massachusetts
Samantha Matthews,54,Massachusetts
Megan Martin,20,Massachusetts
Amy Powers,19,Massachusetts
Morgan Booth,28,Massachusetts
Amy Hughes,31,Montana
Henry Fuentes,35,Montana
Marc Parker,47,Montana
Zachary Ramos,55,Montana
Jeremiah Brooks,24,Montana
Kristy Brown,52,Montana
Tyler Jensen,42,Montana
Lori Moore,32,Montana
Shirley Neal,24,Montana
John Jordan,32,Montana
Mark Thompson,52,Montana
Gina Sharp,54,Montana
Brian Hernandez,34,Montana
Kelly Murphy,35,Montana
Jay Vasquez,21,Montana
Ronald Payne,49,Montana
Marco Hill DDS,31,Montana
Douglas Russell,21,Montana
Jesse Taylor,51,New York
Austin Gomez,30,New York
Danielle Myers,18,New York
Jennifer Clark,23,New York
Natasha Cruz,51,New York
Scott Hernandez,22,New York
Marvin Ferguson,28,New York
Eric Castro,31,New York
David Munoz,19,New York
Melissa Harrison,53,New York
Lindsey Carlson,45,New York
Samantha Lopez,42,New York
Jacob Brown,49,New York
Kim Mclaughlin,53,New York
Christopher Stanton,34,New York
Mark Sanders,54,New York
Emily Richardson,23,New York
Michael Vasquez,53,New York
Robert Smith,18,New York
Robert Valdez,36,New York
Shawn Higgins,21,New York
Nancy Brown,28,New York
Elizabeth Molina,37,New York
Darlene Edwards,25,New York
Jerry Sloan,50,New York
Dennis Foster,29,New York
Christian Cherry,52,New York
Jessica Garcia,47,New York
Katherine Morrow,34,Virginia
Randall Gray,43,Virginia
Amy Crawford,27,Virginia
Kyle Pruitt,35,Virginia
Samuel Robinson,25,Virginia
Heather Kim,22,Virginia
Samantha Day,43,Virginia
Justin Spencer,28,Virginia
Jessica Barnett,37,Virginia
Jessica Lewis,40,Virginia
Katie Williams,19,Virginia
Taylor Lopez,55,Virginia
Donald Soto,42,Virginia
Steven Kline,30,Virginia
Pamela Smith,49,Virginia
Ryan Bryant,26,Virginia
Jaime Mayo,38,Virginia
Angela Choi PhD,32,Virginia
Carl Gonzalez,25,Virginia
Christina Serrano,43,Virginia
Sean Reynolds,40,Wyoming
Sarah Clark,45,Wyoming
Nathan Ruiz,55,Wyoming
Joseph Donaldson,23,Wyoming
Sophia Graham,19,Wyoming
Janet House,36,Wyoming
Bryan Williams,43,Wyoming
Anthony Barker,28,Wyoming
Terri Hogan,31,Wyoming
Kim Ramirez,54,Wyoming
Nicole Harrell,43,Wyoming
Robert Wong,33,Wyoming
Juan Chavez,37,Wyoming
Dustin Hunter,21,Wyoming
John Bowers,22,Wyoming
Lee Larsen,38,Wyoming
Amanda Bauer,43,Wyoming
Kyle Gould,48,Wyoming
David Garcia,20,Wyoming
